<?xml version="1.0" encoding="UTF-8"?>
<Package xmlns:uap="http://schemas.microsoft.com/appx/manifest/uap/windows10" xmlns:desktop6="http://schemas.microsoft.com/appx/manifest/desktop/windows10/6" xmlns:desktop="http://schemas.microsoft.com/appx/manifest/desktop/windows10" xmlns:uap3="http://schemas.microsoft.com/appx/manifest/uap/windows10/3" xmlns:wincap="http://schemas.microsoft.com/appx/manifest/foundation/windows10/windowscapabilities" xmlns:rescap="http://schemas.microsoft.com/appx/manifest/foundation/windows10/restrictedcapabilities" IgnorableNamespaces="uap uap3 desktop desktop6 wincap rescap" xmlns="http://schemas.microsoft.com/appx/manifest/foundation/windows10">
  <Identity Name="Microsoft.3020BF20E956" Publisher="CN=Microsoft Corporation, O=Microsoft Corporation, L=Redmond, S=Washington, C=US" Version="1.19.5761.0" ProcessorArchitecture="x64" />
  <Properties>
    <DisplayName>As Dusk Falls</DisplayName>
    <PublisherDisplayName>Microsoft Studios</PublisherDisplayName>
    <Logo>StoreLogo.png</Logo>
    <Description>Online-Fix.Me</Description>
  </Properties>
  <Dependencies>
    <TargetDeviceFamily Name="Windows.Desktop" MinVersion="10.0.18362.0" MaxVersionTested="10.0.18362.0" />
    <PackageDependency Name="Microsoft.VCLibs.140.00.UWPDesktop" MinVersion="14.0.29231.0" Publisher="CN=Microsoft Corporation, O=Microsoft Corporation, L=Redmond, S=Washington, C=US" />
  </Dependencies>
  <Resources>
    <Resource Language="en-us" />
    <Resource Language="fr-fr" />
    <Resource Language="de-de" />
    <Resource Language="es-mx" />
    <Resource Language="pt-br" />
    <Resource Language="it-it" />
    <Resource Language="zh-cn" />
    <Resource Language="nl-nl" />
    <Resource Language="ja-jp" />
    <Resource Language="ko-kr" />
    <Resource Language="zh-tw" />
    <Resource Language="ru-ru" />
    <Resource Language="es-es" />
    <Resource Language="da-dk" />
    <Resource Language="sv-se" />
    <Resource Language="cs-cz" />
    <Resource Language="nb-no" />
    <Resource Language="el-gr" />
    <Resource Language="hu-hu" />
    <Resource Language="fi-fi" />
    <Resource Language="tr-tr" />
    <Resource Language="pl-pl" />
  </Resources>
  <Applications>
    <Application Id="Game" Executable="Dusk.exe" EntryPoint="Windows.FullTrustApplication">
      <uap:VisualElements DisplayName="As Dusk Falls" Square150x150Logo="Square150x150Logo.png" Square44x44Logo="Square44x44Logo.png" Description="Online-Fix.Me" ForegroundText="light" BackgroundColor="#000040">
        <uap:SplashScreen Image="SplashScreen.png" />
      </uap:VisualElements>
      <Extensions>
        <uap:Extension Category="windows.protocol">
          <uap:Protocol Name="ms-xbl-790756b6" />
        </uap:Extension>
        <uap:Extension Category="windows.protocol">
          <uap:Protocol Name="ms-xbl-multiplayer" />
        </uap:Extension>
      </Extensions>
    </Application>
  </Applications>
  <Capabilities>
    <Capability Name="internetClient" />
    <rescap:Capability Name="runFullTrust" />
  </Capabilities>
</Package>